{
  "integrations": [
    {
      "id": "2a06670b-5547-493e-b04c-fd3ff5fd6143",
      "name": "Inbound from Application XYZ",
      "action": "CREATE_EVENT",
      "type": "INBOUND_WEBHOOK",
      "deployed": true,
      "form": "92f3899d-0579-487f-8f38-93b9fff7d1d7",
      "script": "\n// Parse data from incoming payload and construct the trigger object\nvar data = JSON.parse(request.body);\n\n\nvar properties = {\n  \"Title\":      data.title,\n  \"Summary\":    data.summary,\n  \"Some other\": data.other\n};\n\n// Attach to the trigger object\ntrigger.properties = properties;\n\n\n// We'll rely on using the recipients set in the form layout\nform.post( trigger );\n",
      "environment": "HOSTED"
    }
  ],
  "endpoints": [],
  "constants": []
}