{
  "integrations": [
    {
      "id": "95d145ce-e34b-4d44-b2d1-bf582163f9e4",
      "name": "Delivery Notifications (IA)",
      "action": "SEND_TO_IA",
      "type": "OUTBOUND_WEBHOOK",
      "triggeredBy": "DELIVERYSTATUS",
      "deployed": false,
      "form": "a64bedeb-6580-4e80-92a1-80cbcc9eb607",
      "environment": "ONPREMISE"
    },
    {
      "id": "4de5241c-5fa2-4b5f-92b1-7cd0281b6131",
      "name": "Event Status Notifications (IA)",
      "action": "SEND_TO_IA",
      "type": "OUTBOUND_WEBHOOK",
      "triggeredBy": "STATUS",
      "deployed": false,
      "form": "a64bedeb-6580-4e80-92a1-80cbcc9eb607",
      "environment": "ONPREMISE"
    },
    {
      "id": "a921d83f-4417-4507-b9f9-2d32b0fbf0bb",
      "name": "New Incident One Step",
      "action": "CREATE_EVENT",
      "type": "INBOUND_WEBHOOK",
      "deployed": true,
      "form": "a64bedeb-6580-4e80-92a1-80cbcc9eb607",
      "script": "\r\nvar data;\r\n// If your data is posted as JSON\r\n data = JSON.parse(request.body);\r\nconsole.log(\"Checking the Data Variable: \" + JSON.stringify(data))\r\n\r\n\r\n// Parse data from incoming payload and construct the trigger object. To add additional properties, follow the pattern below:\r\n\r\n// trigger.properties.RecID = data.properties.description.replace(/\\\\n/g,\" \");\r\n\r\n    trigger.properties['Incident Rec ID'] = data.properties['Incident Rec ID'];\r\n    trigger.properties['Incident ID'] =  data.properties['Incident ID'];\r\n    trigger.properties['Task Rec ID'] = data.properties['Task Rec ID']; \r\n    trigger.properties['Task ID'] = data.properties['Task ID'];\r\n\ttrigger.properties['Type ID'] = data.properties['Type ID'];\t\r\n    \r\n\ttrigger.properties['Short Description'] = data.properties['Short Description'];\r\n\ttrigger.properties.Description = data.properties.Description;\r\n    trigger.properties.Category = data.properties.Category;\r\n    trigger.properties.Subcategory = data.properties.Subcategory;\r\n    trigger.properties.Priority =  data.properties.Priority;\r\n\ttrigger.properties['Assigned Group'] =  data.properties['Assigned Group'];\r\n    trigger.properties.Status =  data.properties.Status;\r\n\ttrigger.properties.Service = data.properties.Service;\r\n\t\r\n    trigger.properties[\"IT Performance Issue\"] =  data.properties[\"IT Performance Issue\"];\r\n\ttrigger.properties[\"Major Incident\"] = data.properties[\"Major Incident\"];\r\n\t\r\n\r\n\r\n \r\n// Define recipients\r\nvar recipients = [];\r\n// Add a recipient targeting a user or group\r\nrecipients.push({\r\n    'targetName': data.properties['Assigned Group']\r\n});\r\nif  (data.properties['Assigned Group'] === \"\")\r\n{\r\n// Add a recipient targeting specific devices\r\nrecipients.push({\r\n    'targetName': 'Service Desk',\r\n//    'devices': ['Work Email', 'Work Phone']\r\n});\r\n}\r\ntrigger.recipients = recipients;\r\n\r\n// Post trigger to form\r\n form.post(trigger);\r\n ",
      "environment": "HOSTED"
    },
    {
      "id": "82c8d63b-c57b-4599-a287-bf0c73b26b47",
      "name": "Parse Email",
      "action": "RUN_SCRIPT",
      "type": "OUTBOUND_WEBHOOK",
      "triggeredBy": "STATUS",
      "deployed": false,
      "form": "7e09633b-2a34-4dfb-adbb-b6af02127fae",
      "script": "var callback = JSON.parse(request.body);\nconsole.log('Executing outbound integration for xMatters event ID: ' + callback.eventIdentifier);\n\n// Convert list of event properties to an eventProperties object\nif (callback.eventProperties && Array.isArray(callback.eventProperties)) {\n    var eventProperties = callback.eventProperties;\n    callback.eventProperties = {};\n\n    for (var i = 0; i < eventProperties.length; i++) {\n        var eventProperty = eventProperties[i];\n        var key = Object.keys(eventProperty)[0];\n        callback.eventProperties[key] = eventProperty[key];\n    }\n}\n\n\n//Check the event is active and run if we want to trigger this script.\nif (callback.status != \"active\") return;\n\n// ================================================================================\n// ================================================================================\n\n\n// Prepare the HTTP request body\nvar trigger = {};\n\n//Create properties var\ntrigger.properties = {};\n\nvar parsed = [];\nparsed = callback.eventProperties.Body.split(\"\\n\\n**\");\n\n\n//This will check that the parsed properties in your email matched what was expected\n//Modify the if condition below to work with any modified properties that you make\n//The value inside of parsed[] must be equal to the number of parsed fields minus one.\n\n//if ( parsed[9].contains(\"Priority:\"))\n//{\n\n//Modify code below to match the fields in your customized Email Initiation Event Parsed Form\n//Change the value containied in trigger.properties[\"\"] to match property name in Email Initiation Event Parsed form.\n//Ensure the value contained in parsed[] is equal to the line number minus one of your Email.\n//Change the value inside .split(\"\") to match the starting format of each line in your email.\n//\ntrigger.properties[\"RecID\"] = parsed[0].split(\"Incident Record ID:\")[1];\ntrigger.properties[\"Incident ID\"] = parsed[1].split(\"Incident ID:\")[1];\ntrigger.properties[\"Short Description\"] = parsed[2].split(\"Short Description:\")[1];\ntrigger.properties[\"Description\"] = parsed[3].split(\"Description:\")[1];\ntrigger.properties[\"Assigned Group\"] = parsed[4].split(\"Task owned by team:\")[1];\ntrigger.properties[\"Task Rec ID\"] = parsed[5].split(\"Task Rec ID:\")[1];\ntrigger.properties[\"TaskID\"] = parsed[6].split(\"Task id:\")[1];\ntrigger.properties[\"Status\"] = parsed[7].split(\"Task status:\")[1];\ntrigger.properties[\"Category\"] = parsed[8].split(\"Incident Category:\")[1];\ntrigger.properties[\"Subcategory\"] = parsed[9].split(\"Incident Subcategory:\")[1];\ntrigger.properties[\"Priority\"] = parsed[10].split(\"Priority:\")[1];\n\n//Add recipients\n//Change the recipeients to the groups or users you would like to target. \n//For demonstration purposes currently this will target the person who initiated this event.\ntrigger.recipients = {};\ntrigger.recipients = [];\n//[{\"targetName\": callback.username}]; \n\n//parse out content from inside a string\nvar temp_url = parsed[10].split(\"Priority:\")[1];\nvar temp_url2 = temp_url.substring(temp_url.indexOf(\"[\")+1, temp_url.indexOf(\"]\"));\n\n\n//}\n//Parse error detected just put entire content of email into the next event to fail gracefully and still initiate event.\n//else\n//{\n//trigger.properties[\"Body\"] = \"<br>There was an error parsing your string. Here is the non parsed string: \" + callback.eventProperties.Body;\n\n//}\n\n\nconsole.log(\"url1 : \" + temp_url);\nconsole.log(\"url1 : \" + temp_url2);\n\n\n// Prepare the HTTP request\nvar xmPostObj = http.request({\n'endpoint': 'xMatters',\n'method': 'POST',\n'path': constants.Email_Parse,\n'headers': {\n    'Content-Type': 'application/json'\n}\n});\n\n// Submit the request and capture the response\n var response = xmPostObj.write(trigger);\n\n\n// ================================================================================\n// ================================================================================\n",
      "environment": "HOSTED"
    },
    {
      "id": "9f0dadeb-11e2-4f3b-94e1-a63761848d16",
      "name": "Response Notifications (IA)",
      "action": "SEND_TO_IA",
      "type": "OUTBOUND_WEBHOOK",
      "triggeredBy": "RESPONSE",
      "deployed": false,
      "form": "a64bedeb-6580-4e80-92a1-80cbcc9eb607",
      "environment": "ONPREMISE"
    },
    {
      "id": "c758d425-53ad-40aa-81cc-efeabbdd2139",
      "name": "Terminate Events",
      "action": "RUN_SCRIPT",
      "type": "INBOUND_WEBHOOK",
      "deployed": true,
      "script": "var data;\n// If your data is posted as JSON\n data = JSON.parse(request.body);\nconsole.log(\"Checking the Data Variable: \" + JSON.stringify(data))\nconsole.log(\"DATA prop: \\n\" + JSON.stringify(data.properties));\n\n// Get incident data from query string parameters\n\nvar search = data.properties['Task Rec ID'];\n\n// Sample script to suspend matching xMatters events\n// Prepare the search criteria for matching events\nvar searchCriteria = encodeURIComponent(search );\n\n// Prepare the HTTP request to locate existing active eventshe propertyName and \nvar getEvents = http.request({\n    'endpoint': 'xMatters',\n    'method': 'GET',\n    'path': '/api/xm/1/events?status=ACTIVE&propertyName=' + encodeURIComponent('Task Rec ID#en') + '&propertyValue=' + searchCriteria\n});\n\n// Submit the request and capture the response\nvar response = getEvents.write();\nconsole.log(\"Response from Get xMatters Active Events Matching Criteria: \\n\" + JSON.stringify(response));\n\n// Obtain list of matching event ID's\nvar events = JSON.parse(response.body)['data'];\n\nconsole.log(\"events: \\n\" + JSON.stringify(events));\n\n// Suspend all matching events\nfor (var i in events) {\nconsole.log(\"events 1: \\n\" + JSON.stringify(i));\n    // Prepare the HTTP request to suspend each event\n    var putEvent = http.request({\n        'endpoint': 'xMatters',\n        'method': 'POST',\n        'path': '/api/xm/1/events/',\n        'headers': {\n            'Content-Type': 'application/json'\n        }\n    });\n    \n    \n    \n    var data = {};\n    data.id = events[i].id;\n    data.status = \"terminated\";\n\n    // Suspend event\n    putEvent.write(data);\n}\n",
      "environment": "HOSTED"
    }
  ],
  "endpoints": [
    {
      "name": "Cherwell",
      "baseUrl": "http://servername.cherwell.com",
      "type": "EXTERNAL",
      "authentication": "NO_AUTH"
    }
  ],
  "constants": [
    {
      "name": "Email_Parse",
      "value": "/api/integration/1/functions/6dc33533-90f5-4fc2-b959-d9e82ff739f9/triggers?apiKey=5bf63cba-e4e6-4ed4-83f7-4c7517fa96dc",
      "description": "/api/integration/1/functions/6dc33533-90f5-4fc2-b959-d9e82ff739f9/triggers"
    }
  ]
}